Epoch: [0][0/28], lr: 0.02000	Time 31.587 (31.587)	Data 10.430 (10.430)	Loss 10.9375 (10.9375)	Prec@1 0.195 (0.195)	Prec@5 0.781 (0.781)
Epoch: [0][10/28], lr: 0.02000	Time 1.000 (13.399)	Data 0.008 (9.875)	Loss 10.4375 (10.6080)	Prec@1 0.391 (0.621)	Prec@5 5.875 (3.047)
Epoch: [0][20/28], lr: 0.02000	Time 0.763 (10.102)	Data 0.009 (7.586)	Loss 10.3125 (10.5030)	Prec@1 0.977 (0.855)	Prec@5 3.312 (3.625)
Epoch: [1][0/28], lr: 0.02000	Time 10.658 (10.658)	Data 9.781 (9.781)	Loss 10.1250 (10.1250)	Prec@1 1.172 (1.172)	Prec@5 7.438 (7.438)
Epoch: [1][10/28], lr: 0.02000	Time 1.083 (8.069)	Data 0.009 (6.302)	Loss 10.0625 (10.0625)	Prec@1 2.156 (1.969)	Prec@5 7.031 (6.812)
Epoch: [1][20/28], lr: 0.02000	Time 0.844 (6.109)	Data 0.009 (4.519)	Loss 9.9375 (10.0060)	Prec@1 2.531 (2.234)	Prec@5 7.438 (7.469)
Epoch: [2][0/28], lr: 0.01999	Time 9.887 (9.887)	Data 9.359 (9.359)	Loss 9.8750 (9.8750)	Prec@1 2.938 (2.938)	Prec@5 10.562 (10.562)
Epoch: [2][10/28], lr: 0.01999	Time 0.918 (2.794)	Data 0.008 (0.945)	Loss 9.8125 (9.7955)	Prec@1 4.500 (3.594)	Prec@5 11.125 (10.688)
Epoch: [2][20/28], lr: 0.01999	Time 0.976 (2.118)	Data 0.012 (0.528)	Loss 9.6250 (9.7530)	Prec@1 3.516 (3.875)	Prec@5 10.562 (11.250)
Epoch: [3][0/28], lr: 0.01997	Time 7.660 (7.660)	Data 7.253 (7.253)	Loss 9.6250 (9.6250)	Prec@1 4.688 (4.688)	Prec@5 11.938 (11.938)
Epoch: [3][10/28], lr: 0.01997	Time 0.881 (2.920)	Data 0.008 (0.752)	Loss 9.5000 (9.5568)	Prec@1 5.875 (5.094)	Prec@5 14.250 (13.188)
Epoch: [3][20/28], lr: 0.01997	Time 2.959 (2.264)	Data 0.009 (0.428)	Loss 9.4375 (9.5208)	Prec@1 6.438 (5.438)	Prec@5 12.875 (13.688)
Epoch: [4][0/28], lr: 0.01995	Time 9.591 (9.591)	Data 9.092 (9.092)	Loss 9.3750 (9.3750)	Prec@1 6.062 (6.062)	Prec@5 16.000 (16.000)
Epoch: [4][10/28], lr: 0.01995	Time 1.045 (2.779)	Data 0.009 (0.917)	Loss 9.3750 (9.3580)	Prec@1 6.844 (6.188)	Prec@5 15.438 (15.562)
Epoch: [4][20/28], lr: 0.01995	Time 2.936 (2.231)	Data 0.011 (0.514)	Loss 9.2500 (9.3304)	Prec@1 5.469 (6.188)	Prec@5 16.375 (16.000)
Epoch: [5][0/28], lr: 0.01991	Time 9.550 (9.550)	Data 9.066 (9.066)	Loss 9.3750 (9.3750)	Prec@1 6.250 (6.250)	Prec@5 16.000 (16.000)
Epoch: [5][10/28], lr: 0.01991	Time 0.987 (2.941)	Data 0.008 (0.917)	Loss 9.1875 (9.1875)	Prec@1 7.625 (7.312)	Prec@5 19.375 (17.875)
Epoch: [5][20/28], lr: 0.01991	Time 2.390 (2.264)	Data 0.010 (0.514)	Loss 9.0625 (9.1577)	Prec@1 7.438 (7.531)	Prec@5 16.625 (18.375)
Epoch: [6][0/28], lr: 0.01988	Time 9.695 (9.695)	Data 9.296 (9.296)	Loss 9.0625 (9.0625)	Prec@1 7.219 (7.219)	Prec@5 20.125 (20.125)
Epoch: [6][10/28], lr: 0.01988	Time 0.894 (2.774)	Data 0.009 (0.941)	Loss 8.9375 (9.0000)	Prec@1 9.375 (9.000)	Prec@5 22.875 (21.125)
Epoch: [6][20/28], lr: 0.01988	Time 2.404 (2.210)	Data 0.011 (0.532)	Loss 8.8750 (8.9792)	Prec@1 8.625 (8.938)	Prec@5 20.750 (21.375)
Epoch: [7][0/28], lr: 0.01983	Time 9.656 (9.656)	Data 9.208 (9.208)	Loss 8.8750 (8.8750)	Prec@1 9.375 (9.375)	Prec@5 23.000 (23.000)
Epoch: [7][10/28], lr: 0.01983	Time 0.811 (2.864)	Data 0.010 (0.933)	Loss 8.8125 (8.8409)	Prec@1 10.750 (10.062)	Prec@5 23.500 (22.875)
Epoch: [7][20/28], lr: 0.01983	Time 2.629 (2.237)	Data 0.008 (0.522)	Loss 8.6875 (8.8125)	Prec@1 9.000 (10.375)	Prec@5 22.625 (23.750)
Epoch: [8][0/28], lr: 0.01978	Time 10.006 (10.006)	Data 9.514 (9.514)	Loss 8.7500 (8.7500)	Prec@1 9.000 (9.000)	Prec@5 25.625 (25.625)
Epoch: [8][10/28], lr: 0.01978	Time 0.860 (2.703)	Data 0.010 (0.958)	Loss 8.6875 (8.6818)	Prec@1 10.562 (11.000)	Prec@5 26.000 (25.875)
Epoch: [8][20/28], lr: 0.01978	Time 3.155 (2.193)	Data 0.010 (0.536)	Loss 8.5625 (8.6518)	Prec@1 8.812 (11.562)	Prec@5 26.375 (26.250)
Epoch: [9][0/28], lr: 0.01972	Time 9.884 (9.884)	Data 9.343 (9.343)	Loss 8.6250 (8.6250)	Prec@1 12.312 (12.312)	Prec@5 26.125 (26.125)
Epoch: [9][10/28], lr: 0.01972	Time 1.110 (2.779)	Data 0.011 (0.940)	Loss 8.5000 (8.5455)	Prec@1 12.875 (12.625)	Prec@5 27.875 (27.875)
Epoch: [9][20/28], lr: 0.01972	Time 2.484 (2.200)	Data 0.013 (0.527)	Loss 8.5000 (8.5208)	Prec@1 11.312 (12.688)	Prec@5 27.000 (28.250)
Epoch: [10][0/28], lr: 0.01966	Time 9.802 (9.802)	Data 9.338 (9.338)	Loss 8.5625 (8.5625)	Prec@1 12.875 (12.875)	Prec@5 27.125 (27.125)
Epoch: [10][10/28], lr: 0.01966	Time 0.928 (2.763)	Data 0.008 (0.938)	Loss 8.3750 (8.4318)	Prec@1 12.875 (13.750)	Prec@5 28.375 (29.625)
Epoch: [10][20/28], lr: 0.01966	Time 2.093 (2.157)	Data 0.012 (0.526)	Loss 8.3125 (8.3869)	Prec@1 14.250 (14.000)	Prec@5 28.750 (30.500)
Epoch: [11][0/28], lr: 0.01959	Time 9.808 (9.808)	Data 9.349 (9.349)	Loss 8.4375 (8.4375)	Prec@1 15.625 (15.625)	Prec@5 28.500 (28.500)
Epoch: [11][10/28], lr: 0.01959	Time 0.880 (2.731)	Data 0.009 (0.940)	Loss 8.3750 (8.3295)	Prec@1 14.062 (14.562)	Prec@5 31.500 (31.500)
Epoch: [11][20/28], lr: 0.01959	Time 3.058 (2.200)	Data 0.010 (0.526)	Loss 8.3125 (8.3333)	Prec@1 13.688 (14.375)	Prec@5 29.125 (31.250)
Epoch: [12][0/28], lr: 0.01951	Time 9.872 (9.872)	Data 9.388 (9.388)	Loss 8.2500 (8.2500)	Prec@1 15.625 (15.625)	Prec@5 34.250 (34.250)
Epoch: [12][10/28], lr: 0.01951	Time 0.863 (2.717)	Data 0.008 (0.943)	Loss 8.1875 (8.2074)	Prec@1 17.000 (15.812)	Prec@5 33.500 (33.500)
Epoch: [12][20/28], lr: 0.01951	Time 2.549 (2.157)	Data 0.010 (0.530)	Loss 8.1250 (8.1711)	Prec@1 15.250 (16.125)	Prec@5 32.000 (34.000)
Epoch: [13][0/28], lr: 0.01943	Time 9.480 (9.480)	Data 9.032 (9.032)	Loss 8.1250 (8.1250)	Prec@1 17.250 (17.250)	Prec@5 36.750 (36.750)
Epoch: [13][10/28], lr: 0.01943	Time 0.854 (2.724)	Data 0.010 (0.935)	Loss 7.9062 (8.0227)	Prec@1 19.500 (17.250)	Prec@5 37.500 (36.500)
Epoch: [13][20/28], lr: 0.01943	Time 2.887 (2.200)	Data 0.012 (0.527)	Loss 8.0000 (8.0223)	Prec@1 19.000 (17.750)	Prec@5 35.250 (36.500)
Epoch: [14][0/28], lr: 0.01934	Time 9.933 (9.933)	Data 9.489 (9.489)	Loss 8.1250 (8.1250)	Prec@1 16.750 (16.750)	Prec@5 35.750 (35.750)
Epoch: [14][10/28], lr: 0.01934	Time 0.949 (2.752)	Data 0.011 (0.953)	Loss 7.8125 (7.9347)	Prec@1 20.250 (18.500)	Prec@5 39.250 (37.500)
Epoch: [14][20/28], lr: 0.01934	Time 3.131 (2.217)	Data 0.010 (0.533)	Loss 7.9062 (7.9152)	Prec@1 18.125 (18.625)	Prec@5 38.250 (38.000)
Epoch: [15][0/28], lr: 0.01924	Time 9.772 (9.772)	Data 9.286 (9.286)	Loss 7.8750 (7.8750)	Prec@1 19.375 (19.375)	Prec@5 36.750 (36.750)
Epoch: [15][10/28], lr: 0.01924	Time 1.010 (2.853)	Data 0.009 (0.944)	Loss 7.7188 (7.7926)	Prec@1 19.875 (19.625)	Prec@5 41.750 (39.250)
Epoch: [15][20/28], lr: 0.01924	Time 2.052 (2.205)	Data 0.010 (0.529)	Loss 7.7500 (7.7768)	Prec@1 20.500 (20.000)	Prec@5 38.750 (39.750)
Epoch: [16][0/28], lr: 0.01914	Time 9.653 (9.653)	Data 9.168 (9.168)	Loss 7.7500 (7.7500)	Prec@1 19.500 (19.500)	Prec@5 40.250 (40.250)
Epoch: [16][10/28], lr: 0.01914	Time 0.880 (2.777)	Data 0.012 (0.919)	Loss 7.5938 (7.6733)	Prec@1 22.250 (20.875)	Prec@5 42.500 (41.500)
Epoch: [16][20/28], lr: 0.01914	Time 3.092 (2.234)	Data 0.012 (0.515)	Loss 7.5625 (7.6667)	Prec@1 22.500 (20.750)	Prec@5 42.000 (41.500)
Epoch: [17][0/28], lr: 0.01903	Time 9.516 (9.516)	Data 9.085 (9.085)	Loss 7.7500 (7.7500)	Prec@1 20.875 (20.875)	Prec@5 42.250 (42.250)
Epoch: [17][10/28], lr: 0.01903	Time 0.914 (2.808)	Data 0.010 (0.916)	Loss 7.5000 (7.5881)	Prec@1 20.750 (22.750)	Prec@5 45.250 (43.000)
Epoch: [17][20/28], lr: 0.01903	Time 3.165 (2.281)	Data 0.010 (0.514)	Loss 7.3750 (7.5699)	Prec@1 25.375 (22.625)	Prec@5 43.250 (43.000)
Epoch: [18][0/28], lr: 0.01891	Time 9.832 (9.832)	Data 9.313 (9.313)	Loss 7.6875 (7.6875)	Prec@1 20.500 (20.500)	Prec@5 40.500 (40.500)
Epoch: [18][10/28], lr: 0.01891	Time 0.954 (2.693)	Data 0.009 (0.935)	Loss 7.5000 (7.5057)	Prec@1 23.000 (23.125)	Prec@5 42.000 (43.750)
Epoch: [18][20/28], lr: 0.01891	Time 2.971 (2.212)	Data 0.019 (0.525)	Loss 7.4062 (7.4583)	Prec@1 21.875 (23.500)	Prec@5 43.500 (44.500)
Epoch: [19][0/28], lr: 0.01879	Time 9.674 (9.674)	Data 9.168 (9.168)	Loss 7.5625 (7.5625)	Prec@1 22.125 (22.125)	Prec@5 43.000 (43.000)
Epoch: [19][10/28], lr: 0.01879	Time 0.970 (2.755)	Data 0.009 (0.928)	Loss 7.1875 (7.3210)	Prec@1 26.500 (25.500)	Prec@5 48.250 (45.750)
Epoch: [19][20/28], lr: 0.01879	Time 2.694 (2.224)	Data 0.010 (0.520)	Loss 7.3750 (7.3423)	Prec@1 23.625 (25.000)	Prec@5 44.000 (46.000)
Epoch: [20][0/28], lr: 0.01866	Time 9.828 (9.828)	Data 9.363 (9.363)	Loss 7.4375 (7.4375)	Prec@1 22.125 (22.125)	Prec@5 44.250 (44.250)
Epoch: [20][10/28], lr: 0.01866	Time 0.987 (2.805)	Data 0.010 (0.946)	Loss 7.1875 (7.2670)	Prec@1 26.500 (25.250)	Prec@5 46.750 (46.500)
Epoch: [20][20/28], lr: 0.01866	Time 1.965 (2.166)	Data 0.012 (0.529)	Loss 7.2188 (7.2411)	Prec@1 25.625 (25.500)	Prec@5 47.750 (47.000)
Epoch: [21][0/28], lr: 0.01853	Time 9.842 (9.842)	Data 9.302 (9.302)	Loss 7.2812 (7.2812)	Prec@1 25.250 (25.250)	Prec@5 47.000 (47.000)
Epoch: [21][10/28], lr: 0.01853	Time 0.967 (2.735)	Data 0.010 (0.935)	Loss 7.0312 (7.1222)	Prec@1 26.750 (27.500)	Prec@5 50.750 (49.500)
Epoch: [21][20/28], lr: 0.01853	Time 3.306 (2.277)	Data 0.012 (0.524)	Loss 7.2188 (7.0982)	Prec@1 24.625 (27.750)	Prec@5 47.750 (49.250)
Epoch: [22][0/28], lr: 0.01839	Time 9.671 (9.671)	Data 9.134 (9.134)	Loss 7.3750 (7.3750)	Prec@1 24.375 (24.375)	Prec@5 47.500 (47.500)
Epoch: [22][10/28], lr: 0.01839	Time 0.961 (2.761)	Data 0.011 (0.925)	Loss 7.0000 (7.0483)	Prec@1 27.375 (27.625)	Prec@5 51.250 (51.000)
Epoch: [22][20/28], lr: 0.01839	Time 2.876 (2.213)	Data 0.016 (0.519)	Loss 7.0625 (7.0476)	Prec@1 26.375 (27.625)	Prec@5 50.750 (50.750)
Epoch: [23][0/28], lr: 0.01824	Time 10.180 (10.180)	Data 9.705 (9.705)	Loss 7.0938 (7.0938)	Prec@1 28.500 (28.500)	Prec@5 50.500 (50.500)
Epoch: [23][10/28], lr: 0.01824	Time 0.771 (2.652)	Data 0.011 (0.979)	Loss 6.8125 (6.9318)	Prec@1 29.250 (29.625)	Prec@5 54.000 (51.750)
Epoch: [23][20/28], lr: 0.01824	Time 3.049 (2.160)	Data 0.011 (0.547)	Loss 7.0000 (6.9271)	Prec@1 26.125 (29.375)	Prec@5 50.500 (51.000)
Epoch: [24][0/28], lr: 0.01809	Time 7.790 (7.790)	Data 7.317 (7.317)	Loss 6.9062 (6.9062)	Prec@1 30.125 (30.125)	Prec@5 52.000 (52.000)
Epoch: [24][10/28], lr: 0.01809	Time 0.937 (2.898)	Data 0.010 (0.762)	Loss 6.7812 (6.8295)	Prec@1 28.875 (30.500)	Prec@5 54.000 (53.000)
Epoch: [24][20/28], lr: 0.01809	Time 3.178 (2.308)	Data 0.011 (0.434)	Loss 6.7500 (6.8214)	Prec@1 32.500 (30.625)	Prec@5 54.250 (53.000)
Epoch: [25][0/28], lr: 0.01793	Time 9.808 (9.808)	Data 9.338 (9.338)	Loss 7.0625 (7.0625)	Prec@1 28.875 (28.875)	Prec@5 50.000 (50.000)
Epoch: [25][10/28], lr: 0.01793	Time 1.039 (2.760)	Data 0.010 (0.949)	Loss 6.8438 (6.7756)	Prec@1 32.250 (31.875)	Prec@5 53.000 (53.500)
Epoch: [25][20/28], lr: 0.01793	Time 2.038 (2.165)	Data 0.010 (0.531)	Loss 6.6562 (6.7604)	Prec@1 31.250 (31.750)	Prec@5 55.750 (53.750)
Epoch: [26][0/28], lr: 0.01777	Time 10.616 (10.616)	Data 10.120 (10.120)	Loss 6.9062 (6.9062)	Prec@1 29.500 (29.500)	Prec@5 52.000 (52.000)
Epoch: [26][10/28], lr: 0.01777	Time 1.127 (2.741)	Data 0.010 (1.021)	Loss 6.6875 (6.6818)	Prec@1 32.000 (32.750)	Prec@5 53.500 (54.250)
Epoch: [26][20/28], lr: 0.01777	Time 2.508 (2.183)	Data 0.013 (0.569)	Loss 6.5625 (6.6786)	Prec@1 34.000 (32.750)	Prec@5 55.500 (54.500)
Epoch: [27][0/28], lr: 0.01760	Time 9.889 (9.889)	Data 9.413 (9.413)	Loss 6.7188 (6.7188)	Prec@1 31.500 (31.500)	Prec@5 55.500 (55.500)
Epoch: [27][10/28], lr: 0.01760	Time 0.842 (2.704)	Data 0.011 (0.957)	Loss 6.5938 (6.5795)	Prec@1 36.500 (33.750)	Prec@5 54.750 (56.000)
Epoch: [27][20/28], lr: 0.01760	Time 2.624 (2.125)	Data 0.011 (0.536)	Loss 6.7500 (6.6086)	Prec@1 30.250 (33.250)	Prec@5 52.250 (55.500)
Epoch: [28][0/28], lr: 0.01743	Time 10.181 (10.181)	Data 9.708 (9.708)	Loss 6.7188 (6.7188)	Prec@1 33.250 (33.250)	Prec@5 52.250 (52.250)
Epoch: [28][10/28], lr: 0.01743	Time 0.930 (2.880)	Data 0.011 (0.975)	Loss 6.4688 (6.5028)	Prec@1 34.500 (34.500)	Prec@5 59.000 (56.250)
Epoch: [28][20/28], lr: 0.01743	Time 3.085 (2.259)	Data 0.011 (0.545)	Loss 6.5938 (6.4985)	Prec@1 33.500 (34.000)	Prec@5 56.250 (56.750)
Epoch: [29][0/28], lr: 0.01725	Time 10.423 (10.423)	Data 9.894 (9.894)	Loss 6.6562 (6.6562)	Prec@1 31.625 (31.625)	Prec@5 55.000 (55.000)
Epoch: [29][10/28], lr: 0.01725	Time 0.969 (2.594)	Data 0.010 (0.989)	Loss 6.3125 (6.4176)	Prec@1 36.500 (35.000)	Prec@5 58.500 (57.750)
Epoch: [29][20/28], lr: 0.01725	Time 3.209 (2.192)	Data 0.014 (0.553)	Loss 6.4062 (6.4182)	Prec@1 35.750 (35.250)	Prec@5 61.000 (58.000)
Epoch: [30][0/28], lr: 0.01707	Time 9.909 (9.909)	Data 9.384 (9.384)	Loss 6.6250 (6.6250)	Prec@1 34.250 (34.250)	Prec@5 52.000 (52.000)
Epoch: [30][10/28], lr: 0.01707	Time 0.936 (2.775)	Data 0.010 (0.952)	Loss 6.4375 (6.3778)	Prec@1 35.500 (36.250)	Prec@5 55.500 (58.500)
Epoch: [30][20/28], lr: 0.01707	Time 3.121 (2.184)	Data 0.011 (0.532)	Loss 6.4062 (6.3765)	Prec@1 34.500 (36.250)	Prec@5 61.000 (58.750)
Epoch: [31][0/28], lr: 0.01688	Time 9.839 (9.839)	Data 9.298 (9.298)	Loss 6.3750 (6.3750)	Prec@1 35.250 (35.250)	Prec@5 60.250 (60.250)
Epoch: [31][10/28], lr: 0.01688	Time 0.972 (2.782)	Data 0.010 (0.941)	Loss 6.3438 (6.2898)	Prec@1 37.000 (37.000)	Prec@5 59.750 (59.750)
Epoch: [31][20/28], lr: 0.01688	Time 3.105 (2.232)	Data 0.012 (0.527)	Loss 6.2812 (6.2649)	Prec@1 37.500 (37.000)	Prec@5 61.000 (59.750)
Epoch: [32][0/28], lr: 0.01669	Time 9.781 (9.781)	Data 9.237 (9.237)	Loss 6.6562 (6.6562)	Prec@1 32.500 (32.500)	Prec@5 55.000 (55.000)
Epoch: [32][10/28], lr: 0.01669	Time 1.077 (2.805)	Data 0.010 (0.931)	Loss 6.1875 (6.2443)	Prec@1 38.750 (37.750)	Prec@5 61.000 (59.750)
Epoch: [32][20/28], lr: 0.01669	Time 3.114 (2.221)	Data 0.013 (0.523)	Loss 6.2188 (6.2188)	Prec@1 36.250 (38.000)	Prec@5 62.500 (60.500)
Epoch: [33][0/28], lr: 0.01649	Time 9.816 (9.816)	Data 9.248 (9.248)	Loss 6.1562 (6.1562)	Prec@1 38.000 (38.000)	Prec@5 58.500 (58.500)
Epoch: [33][10/28], lr: 0.01649	Time 1.082 (2.876)	Data 0.010 (0.938)	Loss 6.1250 (6.1250)	Prec@1 38.750 (38.250)	Prec@5 62.500 (61.000)
Epoch: [33][20/28], lr: 0.01649	Time 3.018 (2.286)	Data 0.011 (0.527)	Loss 6.1875 (6.1235)	Prec@1 38.000 (38.500)	Prec@5 61.750 (61.250)
Epoch: [34][0/28], lr: 0.01629	Time 9.649 (9.649)	Data 9.163 (9.163)	Loss 6.0312 (6.0312)	Prec@1 38.250 (38.250)	Prec@5 64.000 (64.000)
Epoch: [34][10/28], lr: 0.01629	Time 0.973 (2.868)	Data 0.013 (0.920)	Loss 5.9688 (6.0227)	Prec@1 42.000 (40.250)	Prec@5 64.000 (62.500)
Epoch: [34][20/28], lr: 0.01629	Time 3.065 (2.250)	Data 0.013 (0.516)	Loss 6.1562 (6.0432)	Prec@1 39.750 (40.000)	Prec@5 62.500 (62.750)
Epoch: [35][0/28], lr: 0.01609	Time 9.758 (9.758)	Data 9.252 (9.252)	Loss 6.2188 (6.2188)	Prec@1 36.250 (36.250)	Prec@5 60.250 (60.250)
Epoch: [35][10/28], lr: 0.01609	Time 1.010 (2.663)	Data 0.009 (0.957)	Loss 6.0312 (6.0199)	Prec@1 39.500 (39.250)	Prec@5 61.750 (62.250)
Epoch: [35][20/28], lr: 0.01609	Time 3.226 (2.161)	Data 0.012 (0.536)	Loss 5.8750 (5.9955)	Prec@1 42.500 (39.750)	Prec@5 65.500 (63.250)
Epoch: [36][0/28], lr: 0.01588	Time 7.988 (7.988)	Data 7.520 (7.520)	Loss 6.1875 (6.1875)	Prec@1 39.000 (39.000)	Prec@5 61.750 (61.750)
Epoch: [36][10/28], lr: 0.01588	Time 1.121 (2.944)	Data 0.010 (0.772)	Loss 5.8750 (5.9318)	Prec@1 40.000 (40.750)	Prec@5 63.250 (64.000)
Epoch: [36][20/28], lr: 0.01588	Time 2.430 (2.269)	Data 0.009 (0.439)	Loss 5.8125 (5.9018)	Prec@1 41.750 (41.250)	Prec@5 67.000 (63.500)
Epoch: [37][0/28], lr: 0.01566	Time 9.634 (9.634)	Data 9.154 (9.154)	Loss 6.0938 (6.0938)	Prec@1 38.500 (38.500)	Prec@5 59.500 (59.500)
Epoch: [37][10/28], lr: 0.01566	Time 0.848 (2.713)	Data 0.010 (0.930)	Loss 5.9375 (5.9034)	Prec@1 38.750 (40.750)	Prec@5 64.000 (63.750)
Epoch: [37][20/28], lr: 0.01566	Time 3.137 (2.230)	Data 0.011 (0.522)	Loss 5.9062 (5.8720)	Prec@1 41.500 (41.750)	Prec@5 65.000 (64.000)
Epoch: [38][0/28], lr: 0.01545	Time 10.357 (10.357)	Data 9.826 (9.826)	Loss 6.0000 (6.0000)	Prec@1 42.250 (42.250)	Prec@5 62.500 (62.500)
Epoch: [38][10/28], lr: 0.01545	Time 0.897 (2.641)	Data 0.010 (0.991)	Loss 5.7812 (5.8210)	Prec@1 44.250 (42.750)	Prec@5 66.500 (65.500)
Epoch: [38][20/28], lr: 0.01545	Time 1.954 (2.132)	Data 0.023 (0.555)	Loss 6.0000 (5.8199)	Prec@1 39.750 (42.750)	Prec@5 65.000 (65.000)
Epoch: [39][0/28], lr: 0.01522	Time 9.451 (9.451)	Data 8.946 (8.946)	Loss 5.9062 (5.9062)	Prec@1 40.750 (40.750)	Prec@5 61.000 (61.000)
Epoch: [39][10/28], lr: 0.01522	Time 0.946 (2.819)	Data 0.010 (0.905)	Loss 5.7188 (5.7869)	Prec@1 43.750 (42.750)	Prec@5 65.500 (64.500)
Epoch: [39][20/28], lr: 0.01522	Time 2.734 (2.284)	Data 0.017 (0.509)	Loss 5.5938 (5.7798)	Prec@1 46.250 (42.750)	Prec@5 70.000 (65.000)
Epoch: [40][0/28], lr: 0.01500	Time 10.043 (10.043)	Data 9.482 (9.482)	Loss 5.9688 (5.9688)	Prec@1 40.500 (40.500)	Prec@5 63.750 (63.750)
Epoch: [40][10/28], lr: 0.01500	Time 0.919 (2.804)	Data 0.009 (0.960)	Loss 5.8125 (5.7045)	Prec@1 42.750 (43.750)	Prec@5 65.000 (66.000)
Epoch: [40][20/28], lr: 0.01500	Time 2.559 (2.221)	Data 0.012 (0.537)	Loss 5.6562 (5.6592)	Prec@1 43.250 (44.000)	Prec@5 69.000 (66.500)
Epoch: [41][0/28], lr: 0.01477	Time 9.949 (9.949)	Data 9.450 (9.450)	Loss 6.0312 (6.0312)	Prec@1 38.500 (38.500)	Prec@5 61.250 (61.250)
Epoch: [41][10/28], lr: 0.01477	Time 0.923 (2.833)	Data 0.009 (0.950)	Loss 5.6875 (5.6420)	Prec@1 44.750 (44.250)	Prec@5 66.000 (67.500)
Epoch: [41][20/28], lr: 0.01477	Time 2.788 (2.338)	Data 0.012 (0.532)	Loss 5.7500 (5.6235)	Prec@1 43.000 (44.500)	Prec@5 67.500 (66.500)
Epoch: [42][0/28], lr: 0.01454	Time 9.747 (9.747)	Data 9.234 (9.234)	Loss 5.9375 (5.9375)	Prec@1 40.000 (40.000)	Prec@5 65.000 (65.000)
Epoch: [42][10/28], lr: 0.01454	Time 0.767 (2.840)	Data 0.010 (0.933)	Loss 5.5625 (5.6307)	Prec@1 47.250 (44.250)	Prec@5 67.000 (67.500)
Epoch: [42][20/28], lr: 0.01454	Time 2.810 (2.272)	Data 0.014 (0.524)	Loss 5.5312 (5.5878)	Prec@1 46.250 (44.500)	Prec@5 70.500 (68.000)
Epoch: [43][0/28], lr: 0.01431	Time 10.054 (10.054)	Data 9.568 (9.568)	Loss 5.7500 (5.7500)	Prec@1 43.250 (43.250)	Prec@5 65.500 (65.500)
Epoch: [43][10/28], lr: 0.01431	Time 0.791 (2.834)	Data 0.010 (0.971)	Loss 5.6250 (5.5170)	Prec@1 45.000 (45.750)	Prec@5 68.000 (68.500)
Epoch: [43][20/28], lr: 0.01431	Time 2.968 (2.312)	Data 0.011 (0.543)	Loss 5.5938 (5.5149)	Prec@1 42.500 (45.500)	Prec@5 70.500 (68.500)
Epoch: [44][0/28], lr: 0.01407	Time 9.608 (9.608)	Data 9.142 (9.142)	Loss 5.7188 (5.7188)	Prec@1 44.500 (44.500)	Prec@5 66.500 (66.500)
Epoch: [44][10/28], lr: 0.01407	Time 0.804 (2.888)	Data 0.011 (0.935)	Loss 5.2500 (5.4347)	Prec@1 50.000 (47.250)	Prec@5 71.500 (68.500)
Epoch: [44][20/28], lr: 0.01407	Time 2.557 (2.319)	Data 0.014 (0.526)	Loss 5.4375 (5.4301)	Prec@1 47.500 (47.000)	Prec@5 71.000 (69.500)
Epoch: [45][0/28], lr: 0.01383	Time 9.914 (9.914)	Data 9.399 (9.399)	Loss 5.6250 (5.6250)	Prec@1 43.750 (43.750)	Prec@5 67.500 (67.500)
Epoch: [45][10/28], lr: 0.01383	Time 0.843 (2.723)	Data 0.013 (0.950)	Loss 5.4688 (5.4716)	Prec@1 47.000 (46.500)	Prec@5 67.000 (68.500)
Epoch: [45][20/28], lr: 0.01383	Time 2.905 (2.211)	Data 0.011 (0.532)	Loss 5.2812 (5.4137)	Prec@1 49.500 (47.250)	Prec@5 73.000 (69.500)
Epoch: [46][0/28], lr: 0.01358	Time 10.074 (10.074)	Data 9.609 (9.609)	Loss 5.6562 (5.6562)	Prec@1 43.250 (43.250)	Prec@5 65.500 (65.500)
Epoch: [46][10/28], lr: 0.01358	Time 0.914 (2.824)	Data 0.011 (0.983)	Loss 5.4062 (5.3608)	Prec@1 48.000 (48.000)	Prec@5 69.000 (69.500)
Epoch: [46][20/28], lr: 0.01358	Time 2.961 (2.273)	Data 0.013 (0.550)	Loss 5.3438 (5.3304)	Prec@1 47.750 (48.500)	Prec@5 70.500 (70.500)
Epoch: [47][0/28], lr: 0.01334	Time 9.812 (9.812)	Data 9.193 (9.193)	Loss 5.6250 (5.6250)	Prec@1 43.250 (43.250)	Prec@5 66.500 (66.500)
Epoch: [47][10/28], lr: 0.01334	Time 0.962 (2.840)	Data 0.010 (0.930)	Loss 5.3750 (5.3011)	Prec@1 47.250 (47.750)	Prec@5 68.000 (70.500)
Epoch: [47][20/28], lr: 0.01334	Time 2.597 (2.196)	Data 0.026 (0.524)	Loss 5.4062 (5.2798)	Prec@1 46.250 (48.000)	Prec@5 69.500 (71.000)
Epoch: [48][0/28], lr: 0.01309	Time 10.172 (10.172)	Data 9.611 (9.611)	Loss 5.5938 (5.5938)	Prec@1 44.250 (44.250)	Prec@5 67.000 (67.000)
Epoch: [48][10/28], lr: 0.01309	Time 1.046 (2.546)	Data 0.009 (0.964)	Loss 5.2500 (5.2841)	Prec@1 48.250 (48.250)	Prec@5 70.500 (70.000)
Epoch: [48][20/28], lr: 0.01309	Time 3.139 (2.153)	Data 0.013 (0.540)	Loss 5.2500 (5.2679)	Prec@1 47.750 (48.250)	Prec@5 72.500 (70.000)
Epoch: [49][0/28], lr: 0.01284	Time 9.592 (9.592)	Data 9.072 (9.072)	Loss 5.5000 (5.5000)	Prec@1 46.000 (46.000)	Prec@5 69.500 (69.500)
Epoch: [49][10/28], lr: 0.01284	Time 0.795 (2.855)	Data 0.015 (0.918)	Loss 5.0625 (5.2159)	Prec@1 51.500 (49.500)	Prec@5 74.000 (70.500)
Epoch: [49][20/28], lr: 0.01284	Time 2.338 (2.259)	Data 0.014 (0.516)	Loss 5.3125 (5.2068)	Prec@1 49.500 (49.500)	Prec@5 72.500 (71.000)
Epoch: [50][0/28], lr: 0.01259	Time 8.137 (8.137)	Data 7.607 (7.607)	Loss 5.3438 (5.3438)	Prec@1 48.750 (48.750)	Prec@5 68.000 (68.000)
Epoch: [50][10/28], lr: 0.01259	Time 1.105 (2.877)	Data 0.010 (0.781)	Loss 5.1562 (5.1562)	Prec@1 51.250 (50.500)	Prec@5 72.500 (71.500)
Epoch: [50][20/28], lr: 0.01259	Time 3.408 (2.311)	Data 0.013 (0.443)	Loss 5.1562 (5.1369)	Prec@1 48.750 (50.750)	Prec@5 74.000 (71.500)
Epoch: [51][0/28], lr: 0.01233	Time 9.921 (9.921)	Data 9.382 (9.382)	Loss 5.2812 (5.2812)	Prec@1 47.000 (47.000)	Prec@5 69.500 (69.500)
Epoch: [51][10/28], lr: 0.01233	Time 0.912 (2.746)	Data 0.013 (0.957)	Loss 5.0000 (5.1165)	Prec@1 51.500 (49.750)	Prec@5 75.000 (72.500)
Epoch: [51][20/28], lr: 0.01233	Time 2.514 (2.161)	Data 0.012 (0.536)	Loss 5.0312 (5.1042)	Prec@1 52.000 (50.250)	Prec@5 76.000 (73.000)
Epoch: [52][0/28], lr: 0.01208	Time 10.189 (10.189)	Data 9.695 (9.695)	Loss 5.3438 (5.3438)	Prec@1 48.500 (48.500)	Prec@5 70.000 (70.000)
Epoch: [52][10/28], lr: 0.01208	Time 1.017 (2.671)	Data 0.010 (0.974)	Loss 5.1562 (5.0256)	Prec@1 48.750 (51.750)	Prec@5 72.500 (73.000)
Epoch: [52][20/28], lr: 0.01208	Time 2.363 (2.135)	Data 0.011 (0.544)	Loss 5.1562 (5.0432)	Prec@1 50.750 (51.000)	Prec@5 74.000 (73.000)
Epoch: [53][0/28], lr: 0.01182	Time 10.334 (10.334)	Data 9.889 (9.889)	Loss 5.2188 (5.2188)	Prec@1 51.500 (51.500)	Prec@5 72.000 (72.000)
Epoch: [53][10/28], lr: 0.01182	Time 1.170 (2.616)	Data 0.017 (0.998)	Loss 4.8750 (5.0227)	Prec@1 54.750 (51.750)	Prec@5 75.000 (73.000)
Epoch: [53][20/28], lr: 0.01182	Time 3.164 (2.171)	Data 0.010 (0.557)	Loss 4.9688 (4.9970)	Prec@1 52.750 (51.750)	Prec@5 75.000 (73.000)
Epoch: [54][0/28], lr: 0.01156	Time 9.999 (9.999)	Data 9.536 (9.536)	Loss 5.2500 (5.2500)	Prec@1 47.750 (47.750)	Prec@5 72.000 (72.000)
Epoch: [54][10/28], lr: 0.01156	Time 0.919 (2.732)	Data 0.010 (0.964)	Loss 4.7188 (5.0057)	Prec@1 55.750 (52.000)	Prec@5 75.000 (73.000)
Epoch: [54][20/28], lr: 0.01156	Time 1.997 (2.138)	Data 0.013 (0.539)	Loss 4.8750 (4.9836)	Prec@1 52.000 (51.750)	Prec@5 76.000 (73.000)
Epoch: [55][0/28], lr: 0.01131	Time 10.141 (10.141)	Data 9.631 (9.631)	Loss 5.2500 (5.2500)	Prec@1 47.750 (47.750)	Prec@5 73.500 (73.500)
Epoch: [55][10/28], lr: 0.01131	Time 0.890 (2.563)	Data 0.012 (0.986)	Loss 4.8438 (4.9233)	Prec@1 55.500 (52.750)	Prec@5 73.500 (74.500)
Epoch: [55][20/28], lr: 0.01131	Time 2.596 (2.096)	Data 0.010 (0.551)	Loss 4.9062 (4.8884)	Prec@1 52.250 (53.250)	Prec@5 74.500 (74.500)
Epoch: [56][0/28], lr: 0.01105	Time 8.583 (8.583)	Data 8.042 (8.042)	Loss 5.1875 (5.1875)	Prec@1 50.750 (50.750)	Prec@5 72.000 (72.000)
Epoch: [56][10/28], lr: 0.01105	Time 0.887 (2.921)	Data 0.011 (0.836)	Loss 4.8750 (4.8864)	Prec@1 53.000 (52.750)	Prec@5 75.000 (75.500)
Epoch: [56][20/28], lr: 0.01105	Time 3.039 (2.343)	Data 0.011 (0.473)	Loss 4.9688 (4.8601)	Prec@1 51.500 (53.250)	Prec@5 74.500 (75.500)
Epoch: [57][0/28], lr: 0.01078	Time 9.824 (9.824)	Data 9.315 (9.315)	Loss 5.1875 (5.1875)	Prec@1 48.750 (48.750)	Prec@5 70.500 (70.500)
Epoch: [57][10/28], lr: 0.01078	Time 1.026 (2.777)	Data 0.009 (0.938)	Loss 4.8125 (4.8125)	Prec@1 54.000 (54.500)	Prec@5 76.000 (74.000)
Epoch: [57][20/28], lr: 0.01078	Time 2.929 (2.245)	Data 0.026 (0.526)	Loss 4.7500 (4.8140)	Prec@1 52.750 (54.000)	Prec@5 75.000 (75.000)
Epoch: [58][0/28], lr: 0.01052	Time 10.014 (10.014)	Data 9.526 (9.526)	Loss 4.9375 (4.9375)	Prec@1 51.500 (51.500)	Prec@5 75.000 (75.000)
Epoch: [58][10/28], lr: 0.01052	Time 1.011 (2.736)	Data 0.012 (0.970)	Loss 4.7500 (4.8153)	Prec@1 55.750 (53.500)	Prec@5 74.000 (75.000)
Epoch: [58][20/28], lr: 0.01052	Time 2.504 (2.185)	Data 0.014 (0.543)	Loss 4.7188 (4.7783)	Prec@1 52.750 (54.000)	Prec@5 76.000 (74.500)
Epoch: [59][0/28], lr: 0.01026	Time 10.080 (10.080)	Data 9.551 (9.551)	Loss 5.0000 (5.0000)	Prec@1 51.250 (51.250)	Prec@5 73.500 (73.500)
Epoch: [59][10/28], lr: 0.01026	Time 1.001 (2.771)	Data 0.009 (0.977)	Loss 4.8125 (4.8097)	Prec@1 52.250 (53.500)	Prec@5 77.000 (75.000)
Epoch: [59][20/28], lr: 0.01026	Time 2.539 (2.200)	Data 0.016 (0.546)	Loss 4.7812 (4.7649)	Prec@1 53.000 (53.750)	Prec@5 76.500 (75.500)
Epoch: [60][0/28], lr: 0.01000	Time 10.163 (10.163)	Data 9.613 (9.613)	Loss 7.6875 (7.6875)	Prec@1 52.000 (52.000)	Prec@5 76.000 (76.000)
Epoch: [60][10/28], lr: 0.01000	Time 1.065 (2.540)	Data 0.015 (0.969)	Loss 7.1250 (7.1449)	Prec@1 48.000 (51.250)	Prec@5 67.000 (71.500)
Epoch: [60][20/28], lr: 0.01000	Time 2.666 (2.070)	Data 0.011 (0.541)	Loss 6.6875 (7.0268)	Prec@1 47.250 (49.500)	Prec@5 67.000 (68.500)
Epoch: [61][0/28], lr: 0.00974	Time 10.069 (10.069)	Data 9.405 (9.405)	Loss 7.3750 (7.3750)	Prec@1 43.500 (43.500)	Prec@5 67.000 (67.000)
Epoch: [61][10/28], lr: 0.00974	Time 1.052 (2.874)	Data 0.009 (0.951)	Loss 7.2812 (7.0114)	Prec@1 45.000 (47.250)	Prec@5 66.500 (69.000)
Epoch: [61][20/28], lr: 0.00974	Time 2.030 (2.181)	Data 0.010 (0.534)	Loss 6.2188 (6.9062)	Prec@1 47.750 (47.500)	Prec@5 72.000 (68.000)
Epoch: [62][0/28], lr: 0.00948	Time 9.849 (9.849)	Data 9.358 (9.358)	Loss 7.2812 (7.2812)	Prec@1 47.500 (47.500)	Prec@5 65.500 (65.500)
Epoch: [62][10/28], lr: 0.00948	Time 0.826 (2.755)	Data 0.011 (0.949)	Loss 7.0312 (7.0057)	Prec@1 46.250 (47.750)	Prec@5 69.000 (68.500)
Epoch: [62][20/28], lr: 0.00948	Time 3.251 (2.253)	Data 0.012 (0.531)	Loss 6.7188 (6.8854)	Prec@1 43.750 (47.500)	Prec@5 64.500 (68.000)
Epoch: [63][0/28], lr: 0.00922	Time 9.774 (9.774)	Data 9.285 (9.285)	Loss 7.0000 (7.0000)	Prec@1 44.250 (44.250)	Prec@5 67.000 (67.000)
Epoch: [63][10/28], lr: 0.00922	Time 0.933 (2.797)	Data 0.013 (0.941)	Loss 7.0312 (6.8949)	Prec@1 47.750 (46.500)	Prec@5 69.000 (68.000)
Epoch: [63][20/28], lr: 0.00922	Time 2.666 (2.251)	Data 0.010 (0.527)	Loss 6.2500 (6.7396)	Prec@1 46.000 (46.500)	Prec@5 70.500 (69.000)
Epoch: [64][0/28], lr: 0.00895	Time 9.782 (9.782)	Data 9.223 (9.223)	Loss 7.1562 (7.1562)	Prec@1 42.500 (42.500)	Prec@5 64.000 (64.000)
Epoch: [64][10/28], lr: 0.00895	Time 0.887 (2.817)	Data 0.010 (0.943)	Loss 6.9062 (6.7926)	Prec@1 46.250 (47.000)	Prec@5 67.000 (68.500)
Epoch: [64][20/28], lr: 0.00895	Time 3.113 (2.247)	Data 0.010 (0.528)	Loss 6.0312 (6.6592)	Prec@1 47.250 (47.500)	Prec@5 68.000 (68.500)
Epoch: [65][0/28], lr: 0.00869	Time 10.108 (10.108)	Data 9.575 (9.575)	Loss 6.8750 (6.8750)	Prec@1 44.250 (44.250)	Prec@5 65.500 (65.500)
Epoch: [65][10/28], lr: 0.00869	Time 1.023 (2.731)	Data 0.010 (0.975)	Loss 6.7812 (6.5909)	Prec@1 48.250 (48.000)	Prec@5 67.500 (69.500)
Epoch: [65][20/28], lr: 0.00869	Time 2.324 (2.163)	Data 0.011 (0.545)	Loss 6.3125 (6.5223)	Prec@1 47.250 (47.500)	Prec@5 67.000 (69.500)
Epoch: [66][0/28], lr: 0.00844	Time 9.780 (9.780)	Data 9.300 (9.300)	Loss 6.9688 (6.9688)	Prec@1 42.500 (42.500)	Prec@5 64.500 (64.500)
Epoch: [66][10/28], lr: 0.00844	Time 0.984 (2.786)	Data 0.010 (0.947)	Loss 6.5000 (6.5455)	Prec@1 50.000 (46.500)	Prec@5 71.000 (69.000)
Epoch: [66][20/28], lr: 0.00844	Time 1.765 (2.151)	Data 0.014 (0.531)	Loss 6.3125 (6.4524)	Prec@1 45.000 (46.750)	Prec@5 68.500 (69.000)
Epoch: [67][0/28], lr: 0.00818	Time 10.189 (10.189)	Data 9.692 (9.692)	Loss 6.4688 (6.4688)	Prec@1 48.750 (48.750)	Prec@5 69.500 (69.500)
Epoch: [67][10/28], lr: 0.00818	Time 0.961 (2.785)	Data 0.009 (0.978)	Loss 6.5938 (6.4432)	Prec@1 48.250 (47.250)	Prec@5 70.500 (68.500)
Epoch: [67][20/28], lr: 0.00818	Time 3.006 (2.223)	Data 0.013 (0.547)	Loss 6.4688 (6.3557)	Prec@1 43.250 (47.000)	Prec@5 69.500 (69.000)
Epoch: [68][0/28], lr: 0.00792	Time 9.668 (9.668)	Data 9.220 (9.220)	Loss 7.0625 (7.0625)	Prec@1 40.750 (40.750)	Prec@5 64.000 (64.000)
Epoch: [68][10/28], lr: 0.00792	Time 0.971 (2.821)	Data 0.011 (0.937)	Loss 6.5000 (6.4261)	Prec@1 46.000 (46.250)	Prec@5 69.000 (68.000)
Epoch: [68][20/28], lr: 0.00792	Time 3.056 (2.250)	Data 0.011 (0.525)	Loss 5.8750 (6.3021)	Prec@1 47.250 (47.250)	Prec@5 72.500 (69.000)
Epoch: [69][0/28], lr: 0.00767	Time 9.981 (9.981)	Data 9.456 (9.456)	Loss 6.5312 (6.5312)	Prec@1 43.500 (43.500)	Prec@5 67.000 (67.000)
Epoch: [69][10/28], lr: 0.00767	Time 0.999 (2.728)	Data 0.010 (0.959)	Loss 6.2188 (6.2188)	Prec@1 47.750 (47.250)	Prec@5 71.500 (70.000)
Epoch: [69][20/28], lr: 0.00767	Time 2.474 (2.203)	Data 0.011 (0.537)	Loss 5.6250 (6.1548)	Prec@1 52.000 (47.500)	Prec@5 72.000 (69.500)
Epoch: [70][0/28], lr: 0.00741	Time 10.021 (10.021)	Data 9.536 (9.536)	Loss 6.5625 (6.5625)	Prec@1 42.500 (42.500)	Prec@5 63.000 (63.000)
Epoch: [70][10/28], lr: 0.00741	Time 0.955 (2.763)	Data 0.009 (0.968)	Loss 6.4062 (6.2244)	Prec@1 46.500 (47.000)	Prec@5 69.500 (69.000)
Epoch: [70][20/28], lr: 0.00741	Time 1.823 (2.145)	Data 0.012 (0.541)	Loss 6.0938 (6.1622)	Prec@1 46.750 (47.500)	Prec@5 71.000 (69.500)
Epoch: [71][0/28], lr: 0.00716	Time 9.923 (9.923)	Data 9.381 (9.381)	Loss 6.2500 (6.2500)	Prec@1 46.000 (46.000)	Prec@5 66.500 (66.500)
Epoch: [71][10/28], lr: 0.00716	Time 1.013 (2.925)	Data 0.010 (0.957)	Loss 5.8125 (6.0909)	Prec@1 49.000 (48.000)	Prec@5 73.500 (70.000)
Epoch: [71][20/28], lr: 0.00716	Time 2.386 (2.244)	Data 0.010 (0.536)	Loss 5.8438 (5.9777)	Prec@1 49.000 (48.500)	Prec@5 72.000 (70.500)
Epoch: [72][0/28], lr: 0.00691	Time 9.626 (9.626)	Data 9.129 (9.129)	Loss 6.1250 (6.1250)	Prec@1 45.000 (45.000)	Prec@5 65.500 (65.500)
Epoch: [72][10/28], lr: 0.00691	Time 1.035 (2.839)	Data 0.009 (0.923)	Loss 5.7812 (5.9006)	Prec@1 49.750 (49.000)	Prec@5 68.500 (70.000)
Epoch: [72][20/28], lr: 0.00691	Time 2.720 (2.236)	Data 0.013 (0.520)	Loss 6.2500 (5.8750)	Prec@1 46.000 (48.750)	Prec@5 71.000 (71.000)
Epoch: [73][0/28], lr: 0.00666	Time 10.027 (10.027)	Data 9.549 (9.549)	Loss 5.9375 (5.9375)	Prec@1 42.500 (42.500)	Prec@5 67.000 (67.000)
Epoch: [73][10/28], lr: 0.00666	Time 1.173 (2.594)	Data 0.010 (0.968)	Loss 5.9062 (5.9659)	Prec@1 47.500 (47.250)	Prec@5 70.500 (70.000)
Epoch: [73][20/28], lr: 0.00666	Time 2.447 (2.094)	Data 0.012 (0.545)	Loss 5.5938 (5.8795)	Prec@1 51.500 (47.500)	Prec@5 71.000 (70.500)
Epoch: [74][0/28], lr: 0.00642	Time 9.844 (9.844)	Data 9.342 (9.342)	Loss 5.9375 (5.9375)	Prec@1 42.500 (42.500)	Prec@5 66.000 (66.000)
Epoch: [74][10/28], lr: 0.00642	Time 0.933 (2.916)	Data 0.009 (0.944)	Loss 5.6250 (5.8409)	Prec@1 51.500 (48.250)	Prec@5 73.500 (70.000)
Epoch: [74][20/28], lr: 0.00642	Time 2.424 (2.310)	Data 0.011 (0.528)	Loss 5.5625 (5.7515)	Prec@1 48.500 (49.250)	Prec@5 71.000 (70.500)
Epoch: [75][0/28], lr: 0.00617	Time 10.180 (10.180)	Data 9.686 (9.686)	Loss 5.7500 (5.7500)	Prec@1 44.750 (44.750)	Prec@5 68.000 (68.000)
Epoch: [75][10/28], lr: 0.00617	Time 0.957 (2.758)	Data 0.009 (0.980)	Loss 5.6562 (5.6790)	Prec@1 50.500 (49.500)	Prec@5 70.500 (70.000)
Epoch: [75][20/28], lr: 0.00617	Time 2.803 (2.247)	Data 0.021 (0.548)	Loss 5.4062 (5.6161)	Prec@1 52.250 (50.000)	Prec@5 73.500 (71.000)
Epoch: [76][0/28], lr: 0.00593	Time 9.844 (9.844)	Data 9.361 (9.361)	Loss 5.9688 (5.9688)	Prec@1 44.250 (44.250)	Prec@5 68.500 (68.500)
Epoch: [76][10/28], lr: 0.00593	Time 0.964 (2.862)	Data 0.009 (0.953)	Loss 5.6875 (5.5511)	Prec@1 48.000 (49.500)	Prec@5 71.000 (71.500)
Epoch: [76][20/28], lr: 0.00593	Time 3.277 (2.314)	Data 0.026 (0.534)	Loss 5.5000 (5.4911)	Prec@1 50.750 (49.500)	Prec@5 72.500 (71.500)
Epoch: [77][0/28], lr: 0.00569	Time 9.419 (9.419)	Data 8.969 (8.969)	Loss 6.2500 (6.2500)	Prec@1 49.250 (49.250)	Prec@5 70.500 (70.500)
Epoch: [77][10/28], lr: 0.00569	Time 1.001 (2.714)	Data 0.010 (0.916)	Loss 5.7500 (5.6222)	Prec@1 50.750 (49.750)	Prec@5 69.500 (71.000)
Epoch: [77][20/28], lr: 0.00569	Time 1.858 (2.130)	Data 0.017 (0.515)	Loss 5.5625 (5.5357)	Prec@1 48.750 (50.000)	Prec@5 71.000 (71.000)
Epoch: [78][0/28], lr: 0.00546	Time 9.608 (9.608)	Data 9.142 (9.142)	Loss 5.4688 (5.4688)	Prec@1 45.750 (45.750)	Prec@5 69.000 (69.000)
Epoch: [78][10/28], lr: 0.00546	Time 1.167 (2.883)	Data 0.011 (0.925)	Loss 5.5625 (5.4205)	Prec@1 52.000 (50.250)	Prec@5 72.500 (72.500)
Epoch: [78][20/28], lr: 0.00546	Time 3.098 (2.327)	Data 0.011 (0.519)	Loss 5.6250 (5.3140)	Prec@1 48.500 (51.000)	Prec@5 74.000 (72.000)
Epoch: [79][0/28], lr: 0.00523	Time 10.277 (10.277)	Data 9.774 (9.774)	Loss 5.3125 (5.3125)	Prec@1 48.750 (48.750)	Prec@5 71.000 (71.000)
Epoch: [79][10/28], lr: 0.00523	Time 0.891 (2.836)	Data 0.012 (0.979)	Loss 5.6250 (5.3068)	Prec@1 50.750 (51.000)	Prec@5 71.000 (72.500)
Epoch: [79][20/28], lr: 0.00523	Time 2.978 (2.264)	Data 0.013 (0.548)	Loss 5.3125 (5.2976)	Prec@1 53.000 (50.750)	Prec@5 74.500 (72.000)
Epoch: [80][0/28], lr: 0.00500	Time 10.293 (10.293)	Data 9.761 (9.761)	Loss 5.4062 (5.4062)	Prec@1 47.500 (47.500)	Prec@5 71.000 (71.000)
Epoch: [80][10/28], lr: 0.00500	Time 0.875 (2.797)	Data 0.010 (0.980)	Loss 5.5625 (5.3608)	Prec@1 50.750 (50.500)	Prec@5 72.000 (72.000)
Epoch: [80][20/28], lr: 0.00500	Time 1.966 (2.180)	Data 0.011 (0.547)	Loss 5.1250 (5.1845)	Prec@1 55.750 (51.500)	Prec@5 76.500 (73.000)
Epoch: [81][0/28], lr: 0.00478	Time 9.965 (9.965)	Data 9.473 (9.473)	Loss 5.1875 (5.1875)	Prec@1 48.000 (48.000)	Prec@5 71.000 (71.000)
Epoch: [81][10/28], lr: 0.00478	Time 1.108 (2.765)	Data 0.010 (0.955)	Loss 5.3125 (5.2330)	Prec@1 52.250 (51.750)	Prec@5 72.500 (72.500)
Epoch: [81][20/28], lr: 0.00478	Time 2.531 (2.199)	Data 0.010 (0.535)	Loss 5.0000 (5.2098)	Prec@1 53.000 (51.750)	Prec@5 74.000 (72.500)
Epoch: [82][0/28], lr: 0.00455	Time 10.250 (10.250)	Data 9.729 (9.729)	Loss 5.1562 (5.1562)	Prec@1 49.000 (49.000)	Prec@5 71.000 (71.000)
Epoch: [82][10/28], lr: 0.00455	Time 0.925 (2.624)	Data 0.010 (0.977)	Loss 5.1562 (5.1335)	Prec@1 50.500 (51.750)	Prec@5 73.500 (73.000)
Epoch: [82][20/28], lr: 0.00455	Time 2.402 (2.151)	Data 0.011 (0.546)	Loss 5.1250 (5.0387)	Prec@1 51.500 (51.750)	Prec@5 72.500 (73.500)
Epoch: [83][0/28], lr: 0.00434	Time 9.916 (9.916)	Data 9.480 (9.480)	Loss 5.0625 (5.0625)	Prec@1 47.750 (47.750)	Prec@5 71.500 (71.500)
Epoch: [83][10/28], lr: 0.00434	Time 0.914 (2.910)	Data 0.013 (0.961)	Loss 4.6562 (5.0199)	Prec@1 53.500 (52.000)	Prec@5 76.000 (73.500)
Epoch: [83][20/28], lr: 0.00434	Time 2.939 (2.329)	Data 0.010 (0.538)	Loss 4.8125 (4.9568)	Prec@1 51.500 (51.750)	Prec@5 75.000 (73.000)
Epoch: [84][0/28], lr: 0.00412	Time 10.446 (10.446)	Data 9.941 (9.941)	Loss 4.9375 (4.9375)	Prec@1 46.750 (46.750)	Prec@5 70.500 (70.500)
Epoch: [84][10/28], lr: 0.00412	Time 0.992 (2.604)	Data 0.010 (1.006)	Loss 5.0312 (4.8608)	Prec@1 53.500 (53.000)	Prec@5 75.000 (75.500)
Epoch: [84][20/28], lr: 0.00412	Time 3.092 (2.178)	Data 0.012 (0.561)	Loss 4.8125 (4.8512)	Prec@1 55.500 (53.750)	Prec@5 76.000 (74.500)
Epoch: [85][0/28], lr: 0.00391	Time 9.700 (9.700)	Data 9.219 (9.219)	Loss 5.1250 (5.1250)	Prec@1 48.250 (48.250)	Prec@5 72.000 (72.000)
Epoch: [85][10/28], lr: 0.00391	Time 0.865 (2.853)	Data 0.013 (0.935)	Loss 4.7188 (4.8267)	Prec@1 52.250 (53.750)	Prec@5 72.000 (73.500)
Epoch: [85][20/28], lr: 0.00391	Time 2.324 (2.262)	Data 0.012 (0.524)	Loss 4.9062 (4.8452)	Prec@1 52.250 (53.750)	Prec@5 76.000 (74.000)
Epoch: [86][0/28], lr: 0.00371	Time 10.006 (10.006)	Data 9.486 (9.486)	Loss 4.7188 (4.7188)	Prec@1 51.500 (51.500)	Prec@5 72.500 (72.500)
Epoch: [86][10/28], lr: 0.00371	Time 0.941 (2.796)	Data 0.011 (0.960)	Loss 5.2812 (4.8267)	Prec@1 55.500 (54.250)	Prec@5 75.000 (75.000)
Epoch: [86][20/28], lr: 0.00371	Time 1.668 (2.130)	Data 0.012 (0.537)	Loss 4.8438 (4.8110)	Prec@1 56.250 (54.500)	Prec@5 76.000 (74.500)
Epoch: [87][0/28], lr: 0.00351	Time 8.013 (8.013)	Data 7.486 (7.486)	Loss 4.5312 (4.5312)	Prec@1 50.750 (50.750)	Prec@5 73.500 (73.500)
Epoch: [87][10/28], lr: 0.00351	Time 0.889 (3.020)	Data 0.011 (0.775)	Loss 5.1250 (4.6420)	Prec@1 55.500 (55.250)	Prec@5 72.500 (75.000)
Epoch: [87][20/28], lr: 0.00351	Time 2.492 (2.351)	Data 0.010 (0.440)	Loss 4.4375 (4.6890)	Prec@1 56.750 (54.500)	Prec@5 77.500 (74.500)
Epoch: [88][0/28], lr: 0.00331	Time 9.946 (9.946)	Data 9.470 (9.470)	Loss 5.0938 (5.0938)	Prec@1 51.500 (51.500)	Prec@5 72.000 (72.000)
Epoch: [88][10/28], lr: 0.00331	Time 1.077 (2.845)	Data 0.010 (0.952)	Loss 4.7500 (4.6676)	Prec@1 54.750 (55.000)	Prec@5 75.000 (75.500)
Epoch: [88][20/28], lr: 0.00331	Time 2.877 (2.290)	Data 0.012 (0.533)	Loss 4.1875 (4.5446)	Prec@1 56.750 (55.500)	Prec@5 78.000 (75.000)
Epoch: [89][0/28], lr: 0.00312	Time 10.049 (10.049)	Data 9.457 (9.457)	Loss 4.4375 (4.4375)	Prec@1 49.500 (49.500)	Prec@5 73.500 (73.500)
Epoch: [89][10/28], lr: 0.00312	Time 0.938 (2.659)	Data 0.010 (0.958)	Loss 5.2500 (4.5767)	Prec@1 53.000 (55.000)	Prec@5 73.000 (75.500)
Epoch: [89][20/28], lr: 0.00312	Time 2.784 (2.179)	Data 0.011 (0.536)	Loss 4.6250 (4.5670)	Prec@1 58.250 (55.250)	Prec@5 76.500 (75.500)
Epoch: [90][0/28], lr: 0.00293	Time 8.593 (8.593)	Data 8.137 (8.137)	Loss 4.5625 (4.5625)	Prec@1 50.750 (50.750)	Prec@5 72.500 (72.500)
Epoch: [90][10/28], lr: 0.00293	Time 0.824 (2.805)	Data 0.009 (0.835)	Loss 4.2188 (4.5170)	Prec@1 57.750 (55.250)	Prec@5 76.000 (76.000)
Epoch: [90][20/28], lr: 0.00293	Time 3.244 (2.283)	Data 0.013 (0.472)	Loss 4.2188 (4.4955)	Prec@1 60.250 (56.500)	Prec@5 79.000 (76.000)
Epoch: [91][0/28], lr: 0.00275	Time 9.768 (9.768)	Data 9.299 (9.299)	Loss 4.5938 (4.5938)	Prec@1 52.250 (52.250)	Prec@5 73.000 (73.000)
Epoch: [91][10/28], lr: 0.00275	Time 0.881 (2.848)	Data 0.010 (0.945)	Loss 4.3750 (4.3608)	Prec@1 57.000 (56.000)	Prec@5 76.000 (76.500)
Epoch: [91][20/28], lr: 0.00275	Time 2.847 (2.275)	Data 0.011 (0.530)	Loss 4.4688 (4.3676)	Prec@1 55.500 (56.000)	Prec@5 76.500 (76.500)
Epoch: [92][0/28], lr: 0.00257	Time 9.140 (9.140)	Data 8.628 (8.628)	Loss 4.4375 (4.4375)	Prec@1 55.500 (55.500)	Prec@5 75.000 (75.000)
Epoch: [92][10/28], lr: 0.00257	Time 1.044 (2.792)	Data 0.010 (0.877)	Loss 4.3438 (4.3054)	Prec@1 56.250 (56.750)	Prec@5 75.500 (76.500)
Epoch: [92][20/28], lr: 0.00257	Time 2.052 (2.169)	Data 0.047 (0.496)	Loss 4.1875 (4.2775)	Prec@1 59.000 (56.750)	Prec@5 79.500 (77.500)
Epoch: [93][0/28], lr: 0.00240	Time 10.203 (10.203)	Data 9.663 (9.663)	Loss 4.7188 (4.7188)	Prec@1 51.250 (51.250)	Prec@5 74.000 (74.000)
Epoch: [93][10/28], lr: 0.00240	Time 1.060 (2.723)	Data 0.011 (0.979)	Loss 4.6875 (4.4006)	Prec@1 58.500 (57.500)	Prec@5 75.000 (77.500)
Epoch: [93][20/28], lr: 0.00240	Time 2.805 (2.213)	Data 0.015 (0.547)	Loss 4.5000 (4.3408)	Prec@1 55.500 (57.250)	Prec@5 76.000 (77.500)
Epoch: [94][0/28], lr: 0.00223	Time 10.444 (10.444)	Data 9.847 (9.847)	Loss 4.0625 (4.0625)	Prec@1 53.000 (53.000)	Prec@5 75.000 (75.000)
Epoch: [94][10/28], lr: 0.00223	Time 1.104 (2.673)	Data 0.009 (0.997)	Loss 4.2812 (4.2031)	Prec@1 59.750 (57.500)	Prec@5 78.000 (77.000)
Epoch: [94][20/28], lr: 0.00223	Time 1.921 (2.119)	Data 0.010 (0.559)	Loss 4.4688 (4.2009)	Prec@1 59.500 (57.250)	Prec@5 78.000 (77.500)
Epoch: [95][0/28], lr: 0.00207	Time 9.823 (9.823)	Data 9.294 (9.294)	Loss 4.2188 (4.2188)	Prec@1 52.250 (52.250)	Prec@5 77.500 (77.500)
Epoch: [95][10/28], lr: 0.00207	Time 1.027 (2.801)	Data 0.010 (0.942)	Loss 3.8125 (4.2031)	Prec@1 59.500 (57.500)	Prec@5 79.500 (77.500)
Epoch: [95][20/28], lr: 0.00207	Time 2.619 (2.180)	Data 0.012 (0.529)	Loss 4.2500 (4.1927)	Prec@1 58.500 (58.000)	Prec@5 76.000 (77.500)
Epoch: [96][0/28], lr: 0.00191	Time 9.745 (9.745)	Data 9.243 (9.243)	Loss 4.1562 (4.1562)	Prec@1 56.250 (56.250)	Prec@5 77.500 (77.500)
Epoch: [96][10/28], lr: 0.00191	Time 1.065 (2.764)	Data 0.009 (0.936)	Loss 3.9531 (4.0710)	Prec@1 58.500 (58.500)	Prec@5 77.500 (77.500)
Epoch: [96][20/28], lr: 0.00191	Time 1.899 (2.155)	Data 0.020 (0.526)	Loss 3.9688 (4.0335)	Prec@1 61.000 (59.000)	Prec@5 79.000 (78.000)
Epoch: [97][0/28], lr: 0.00176	Time 9.633 (9.633)	Data 9.169 (9.169)	Loss 4.1562 (4.1562)	Prec@1 54.750 (54.750)	Prec@5 77.500 (77.500)
Epoch: [97][10/28], lr: 0.00176	Time 0.817 (2.742)	Data 0.010 (0.931)	Loss 4.0000 (4.0980)	Prec@1 60.250 (59.000)	Prec@5 78.000 (78.500)
Epoch: [97][20/28], lr: 0.00176	Time 3.107 (2.225)	Data 0.010 (0.522)	Loss 3.8750 (4.0841)	Prec@1 61.750 (58.750)	Prec@5 80.500 (78.500)
Epoch: [98][0/28], lr: 0.00161	Time 9.919 (9.919)	Data 9.358 (9.358)	Loss 4.3750 (4.3750)	Prec@1 56.250 (56.250)	Prec@5 78.500 (78.500)
Epoch: [98][10/28], lr: 0.00161	Time 1.173 (2.822)	Data 0.010 (0.954)	Loss 4.2812 (4.0256)	Prec@1 59.750 (60.000)	Prec@5 79.500 (78.000)
Epoch: [98][20/28], lr: 0.00161	Time 2.462 (2.244)	Data 0.011 (0.535)	Loss 3.9688 (4.0216)	Prec@1 61.250 (59.750)	Prec@5 81.000 (78.500)
Epoch: [99][0/28], lr: 0.00147	Time 10.022 (10.022)	Data 9.544 (9.544)	Loss 3.9844 (3.9844)	Prec@1 59.500 (59.500)	Prec@5 79.000 (79.000)
Epoch: [99][10/28], lr: 0.00147	Time 1.023 (2.748)	Data 0.011 (0.966)	Loss 3.7969 (3.9929)	Prec@1 59.500 (60.000)	Prec@5 79.000 (78.500)
Epoch: [99][20/28], lr: 0.00147	Time 2.998 (2.205)	Data 0.012 (0.540)	Loss 3.9531 (3.9412)	Prec@1 61.000 (60.250)	Prec@5 78.500 (79.000)
Epoch: [100][0/28], lr: 0.00134	Time 9.458 (9.458)	Data 8.929 (8.929)	Loss 4.1875 (4.1875)	Prec@1 57.500 (57.500)	Prec@5 78.000 (78.000)
Epoch: [100][10/28], lr: 0.00134	Time 0.988 (2.766)	Data 0.009 (0.911)	Loss 3.7031 (3.9915)	Prec@1 59.750 (59.250)	Prec@5 77.000 (78.500)
Epoch: [100][20/28], lr: 0.00134	Time 3.100 (2.235)	Data 0.021 (0.512)	Loss 4.0312 (3.9680)	Prec@1 59.000 (59.500)	Prec@5 79.500 (79.000)
Epoch: [101][0/28], lr: 0.00121	Time 10.152 (10.152)	Data 9.667 (9.667)	Loss 4.2500 (4.2500)	Prec@1 55.500 (55.500)	Prec@5 75.000 (75.000)
Epoch: [101][10/28], lr: 0.00121	Time 0.934 (2.676)	Data 0.010 (0.973)	Loss 3.8906 (3.9915)	Prec@1 60.250 (60.000)	Prec@5 77.500 (78.500)
Epoch: [101][20/28], lr: 0.00121	Time 3.205 (2.180)	Data 0.014 (0.545)	Loss 3.6250 (3.9315)	Prec@1 62.000 (60.250)	Prec@5 81.000 (79.000)
Epoch: [102][0/28], lr: 0.00109	Time 9.886 (9.886)	Data 9.377 (9.377)	Loss 4.1875 (4.1875)	Prec@1 56.250 (56.250)	Prec@5 79.000 (79.000)
Epoch: [102][10/28], lr: 0.00109	Time 1.051 (2.754)	Data 0.012 (0.952)	Loss 4.1250 (3.9730)	Prec@1 61.000 (60.750)	Prec@5 78.000 (79.500)
Epoch: [102][20/28], lr: 0.00109	Time 2.430 (2.205)	Data 0.015 (0.534)	Loss 3.7969 (3.9077)	Prec@1 63.250 (61.250)	Prec@5 82.000 (79.500)
Epoch: [103][0/28], lr: 0.00097	Time 10.297 (10.297)	Data 9.803 (9.803)	Loss 3.8906 (3.8906)	Prec@1 57.750 (57.750)	Prec@5 77.500 (77.500)
Epoch: [103][10/28], lr: 0.00097	Time 1.007 (2.578)	Data 0.011 (0.999)	Loss 3.4844 (3.7741)	Prec@1 61.000 (61.000)	Prec@5 79.000 (78.500)
Epoch: [103][20/28], lr: 0.00097	Time 3.119 (2.138)	Data 0.011 (0.558)	Loss 3.9219 (3.8021)	Prec@1 61.750 (61.000)	Prec@5 82.000 (79.000)
Epoch: [104][0/28], lr: 0.00086	Time 9.843 (9.843)	Data 9.353 (9.353)	Loss 3.8438 (3.8438)	Prec@1 58.500 (58.500)	Prec@5 77.500 (77.500)
Epoch: [104][10/28], lr: 0.00086	Time 1.016 (2.871)	Data 0.010 (0.946)	Loss 3.8906 (3.8565)	Prec@1 61.250 (60.750)	Prec@5 81.000 (80.000)
Epoch: [104][20/28], lr: 0.00086	Time 1.792 (2.265)	Data 0.012 (0.531)	Loss 3.9219 (3.8705)	Prec@1 64.000 (61.250)	Prec@5 79.500 (79.500)
Epoch: [105][0/28], lr: 0.00076	Time 10.138 (10.138)	Data 9.594 (9.594)	Loss 4.2812 (4.2812)	Prec@1 55.500 (55.500)	Prec@5 75.500 (75.500)
Epoch: [105][10/28], lr: 0.00076	Time 1.051 (2.889)	Data 0.010 (0.975)	Loss 3.7031 (3.9929)	Prec@1 61.750 (60.250)	Prec@5 79.000 (79.500)
Epoch: [105][20/28], lr: 0.00076	Time 2.910 (2.296)	Data 0.011 (0.545)	Loss 3.7656 (3.9338)	Prec@1 63.250 (61.000)	Prec@5 79.500 (79.000)
Epoch: [106][0/28], lr: 0.00066	Time 10.387 (10.387)	Data 9.802 (9.802)	Loss 3.7969 (3.7969)	Prec@1 56.250 (56.250)	Prec@5 77.000 (77.000)
Epoch: [106][10/28], lr: 0.00066	Time 0.790 (2.630)	Data 0.010 (0.993)	Loss 3.9375 (3.8111)	Prec@1 62.000 (60.250)	Prec@5 81.000 (78.500)
Epoch: [106][20/28], lr: 0.00066	Time 3.050 (2.190)	Data 0.010 (0.555)	Loss 3.6250 (3.7604)	Prec@1 64.000 (61.000)	Prec@5 81.000 (79.000)
Epoch: [107][0/28], lr: 0.00057	Time 10.977 (10.977)	Data 10.449 (10.449)	Loss 3.6875 (3.6875)	Prec@1 59.500 (59.500)	Prec@5 78.000 (78.000)
Epoch: [107][10/28], lr: 0.00057	Time 0.903 (2.700)	Data 0.010 (1.046)	Loss 4.0000 (3.7628)	Prec@1 62.000 (61.750)	Prec@5 80.500 (79.500)
Epoch: [107][20/28], lr: 0.00057	Time 3.085 (2.216)	Data 0.014 (0.583)	Loss 4.0625 (3.7894)	Prec@1 59.000 (61.250)	Prec@5 79.500 (79.500)
Epoch: [108][0/28], lr: 0.00049	Time 10.319 (10.319)	Data 9.813 (9.813)	Loss 4.1875 (4.1875)	Prec@1 60.500 (60.500)	Prec@5 79.000 (79.000)
Epoch: [108][10/28], lr: 0.00049	Time 0.989 (2.853)	Data 0.012 (0.989)	Loss 3.5938 (3.7926)	Prec@1 63.250 (62.250)	Prec@5 81.000 (80.000)
Epoch: [108][20/28], lr: 0.00049	Time 2.718 (2.223)	Data 0.014 (0.553)	Loss 3.7969 (3.7537)	Prec@1 60.250 (62.000)	Prec@5 79.500 (80.000)
Epoch: [109][0/28], lr: 0.00041	Time 9.708 (9.708)	Data 9.189 (9.189)	Loss 4.2500 (4.2500)	Prec@1 59.500 (59.500)	Prec@5 78.000 (78.000)
Epoch: [109][10/28], lr: 0.00041	Time 0.897 (2.834)	Data 0.012 (0.938)	Loss 3.5625 (3.7685)	Prec@1 64.000 (62.500)	Prec@5 79.500 (80.500)
Epoch: [109][20/28], lr: 0.00041	Time 2.531 (2.289)	Data 0.027 (0.527)	Loss 3.7031 (3.7560)	Prec@1 61.000 (62.750)	Prec@5 80.000 (79.500)
Epoch: [110][0/28], lr: 0.00034	Time 9.858 (9.858)	Data 9.337 (9.337)	Loss 3.8125 (3.8125)	Prec@1 57.750 (57.750)	Prec@5 77.500 (77.500)
Epoch: [110][10/28], lr: 0.00034	Time 1.041 (2.773)	Data 0.009 (0.956)	Loss 3.9062 (3.7557)	Prec@1 62.500 (61.500)	Prec@5 78.000 (80.000)
Epoch: [110][20/28], lr: 0.00034	Time 2.642 (2.226)	Data 0.011 (0.535)	Loss 3.9062 (3.7984)	Prec@1 63.250 (61.000)	Prec@5 79.500 (80.000)
Epoch: [111][0/28], lr: 0.00028	Time 9.975 (9.975)	Data 9.476 (9.476)	Loss 4.0938 (4.0938)	Prec@1 57.000 (57.000)	Prec@5 77.500 (77.500)
Epoch: [111][10/28], lr: 0.00028	Time 0.969 (2.886)	Data 0.012 (0.952)	Loss 3.8125 (3.8665)	Prec@1 62.500 (61.000)	Prec@5 80.500 (79.500)
Epoch: [111][20/28], lr: 0.00028	Time 2.459 (2.295)	Data 0.011 (0.533)	Loss 3.9062 (3.8512)	Prec@1 60.250 (61.750)	Prec@5 81.000 (79.500)
Epoch: [112][0/28], lr: 0.00022	Time 9.898 (9.898)	Data 9.396 (9.396)	Loss 4.1875 (4.1875)	Prec@1 59.750 (59.750)	Prec@5 79.000 (79.000)
Epoch: [112][10/28], lr: 0.00022	Time 0.868 (2.868)	Data 0.012 (0.956)	Loss 3.8906 (3.7273)	Prec@1 64.000 (61.500)	Prec@5 79.500 (80.000)
Epoch: [112][20/28], lr: 0.00022	Time 3.108 (2.339)	Data 0.013 (0.537)	Loss 3.7500 (3.7232)	Prec@1 61.000 (61.250)	Prec@5 80.500 (80.000)
Epoch: [113][0/28], lr: 0.00017	Time 9.600 (9.600)	Data 9.082 (9.082)	Loss 3.5000 (3.5000)	Prec@1 57.750 (57.750)	Prec@5 78.500 (78.500)
Epoch: [113][10/28], lr: 0.00017	Time 1.153 (2.802)	Data 0.010 (0.926)	Loss 3.7344 (3.6776)	Prec@1 60.250 (61.000)	Prec@5 79.000 (79.500)
Epoch: [113][20/28], lr: 0.00017	Time 2.790 (2.237)	Data 0.012 (0.520)	Loss 3.5000 (3.7009)	Prec@1 64.000 (61.250)	Prec@5 80.500 (79.000)
Epoch: [114][0/28], lr: 0.00012	Time 9.719 (9.719)	Data 9.154 (9.154)	Loss 3.5938 (3.5938)	Prec@1 57.750 (57.750)	Prec@5 78.000 (78.000)
Epoch: [114][10/28], lr: 0.00012	Time 0.895 (2.723)	Data 0.010 (0.927)	Loss 3.5469 (3.6577)	Prec@1 62.000 (61.750)	Prec@5 81.000 (80.000)
Epoch: [114][20/28], lr: 0.00012	Time 2.417 (2.180)	Data 0.013 (0.520)	Loss 3.5000 (3.6719)	Prec@1 63.000 (61.750)	Prec@5 81.000 (80.000)
Epoch: [115][0/28], lr: 0.00009	Time 10.269 (10.269)	Data 9.710 (9.710)	Loss 3.6406 (3.6406)	Prec@1 59.500 (59.500)	Prec@5 79.500 (79.500)
Epoch: [115][10/28], lr: 0.00009	Time 0.919 (2.845)	Data 0.012 (0.981)	Loss 3.7031 (3.7472)	Prec@1 61.000 (61.500)	Prec@5 79.000 (80.500)
Epoch: [115][20/28], lr: 0.00009	Time 3.120 (2.252)	Data 0.024 (0.549)	Loss 4.0312 (3.7217)	Prec@1 58.500 (61.750)	Prec@5 79.000 (80.000)
Epoch: [116][0/28], lr: 0.00005	Time 9.802 (9.802)	Data 9.284 (9.284)	Loss 3.8438 (3.8438)	Prec@1 57.750 (57.750)	Prec@5 77.500 (77.500)
Epoch: [116][10/28], lr: 0.00005	Time 1.012 (2.716)	Data 0.010 (0.937)	Loss 3.3906 (3.7159)	Prec@1 63.750 (61.500)	Prec@5 79.500 (79.500)
Epoch: [116][20/28], lr: 0.00005	Time 2.846 (2.171)	Data 0.013 (0.525)	Loss 3.4688 (3.7679)	Prec@1 65.000 (61.750)	Prec@5 81.000 (79.000)
Epoch: [117][0/28], lr: 0.00003	Time 9.791 (9.791)	Data 9.325 (9.325)	Loss 4.1250 (4.1250)	Prec@1 56.750 (56.750)	Prec@5 78.500 (78.500)
Epoch: [117][10/28], lr: 0.00003	Time 0.946 (2.769)	Data 0.009 (0.945)	Loss 3.4375 (3.7031)	Prec@1 62.500 (62.500)	Prec@5 80.000 (80.500)
Epoch: [117][20/28], lr: 0.00003	Time 2.588 (2.214)	Data 0.012 (0.529)	Loss 3.8750 (3.7329)	Prec@1 61.750 (62.500)	Prec@5 79.000 (79.500)
Epoch: [118][0/28], lr: 0.00001	Time 9.791 (9.791)	Data 9.301 (9.301)	Loss 4.2812 (4.2812)	Prec@1 55.500 (55.500)	Prec@5 79.500 (79.500)
Epoch: [118][10/28], lr: 0.00001	Time 0.912 (2.861)	Data 0.010 (0.937)	Loss 3.7031 (3.7827)	Prec@1 61.000 (60.250)	Prec@5 79.500 (80.000)
Epoch: [118][20/28], lr: 0.00001	Time 2.506 (2.249)	Data 0.012 (0.526)	Loss 3.8438 (3.7753)	Prec@1 60.250 (61.250)	Prec@5 77.500 (80.000)
Epoch: [119][0/28], lr: 0.00000	Time 9.685 (9.685)	Data 9.223 (9.223)	Loss 3.7344 (3.7344)	Prec@1 57.750 (57.750)	Prec@5 79.000 (79.000)
Epoch: [119][10/28], lr: 0.00000	Time 1.124 (2.753)	Data 0.011 (0.934)	Loss 3.7969 (3.7528)	Prec@1 61.000 (61.500)	Prec@5 80.500 (80.000)
Epoch: [119][20/28], lr: 0.00000	Time 2.830 (2.249)	Data 0.013 (0.524)	Loss 3.5625 (3.7292)	Prec@1 60.250 (61.250)	Prec@5 80.500 (80.000)
